{"id":"07398858-4896-4967-90d2-8a802762d29f","timestamp":1706862480543,"matcher":{"static":{},"wildcard":{},"dynamic":{}},"prerendered":["/cart","/application","/finance","/checkout","/auth/reset-password","/auth/forgot-password","/auth/login","/auth/vendor-register","/auth/register","/confirm-email","/markets","/order-success","/","/storefront","/request-product","/policy","/onboarding/account","/onboarding/personal","/onboarding/company","/terms","/market/all products","/storefront/products/edit-product","/market/all","/market/products","/market/Caustic Soda","/market/Ammonia Liquor","/market/Hydrogenated Oil"]}