{"id":"1224191d-73ef-4ddc-8f11-3b6d55675a9d","timestamp":1704316097279,"matcher":{"static":{},"wildcard":{},"dynamic":{}},"prerendered":["/auth/reset-password","/auth/forgot-password","/auth/vendor-register","/auth/register","/auth/login","/markets","/application","/cart","/checkout","/confirm-email","/","/order-success","/policy","/company/user-management","/account/notifications","/request-product","/procurement/shipping-addresses","/account/settings","/company/settings","/procurement/my-orders","/procurement/my-requests","/account/saved-searches","/onboarding/account","/onboarding/personal","/onboarding/company","/storefront/orders","/storefront/overview","/storefront/products","/storefront/products/add-product","/storefront/requests","/terms","/wallet/transactions","/wallet/home","/wallet/settings","/market/all","/market/products","/market/all products","/market/Ammonia Liquor","/market/Hydrogenated Oil","/market/Caustic Soda"]}