{"id":"1e052450-3a6f-4069-a2e9-9ee650505dc1","timestamp":1704721093990,"matcher":{"static":{},"wildcard":{},"dynamic":{}},"prerendered":["/auth/login","/auth/reset-password","/auth/vendor-register","/auth/register","/cart","/auth/forgot-password","/markets","/confirm-email","/application","/checkout","/","/order-success","/account/saved-searches","/company/user-management","/account/settings","/company/settings","/policy","/account/notifications","/request-product","/procurement/shipping-addresses","/onboarding/account","/procurement/my-requests","/procurement/my-orders","/onboarding/company","/onboarding/personal","/storefront/orders","/storefront/overview","/storefront/products","/terms","/storefront/products/add-product","/wallet/transactions","/storefront/requests","/wallet/home","/wallet/settings","/market/all products","/market/all","/market/products","/market/Ammonia Liquor","/market/Hydrogenated Oil","/market/Caustic Soda","/market/Hot deals","/market/Recommended","/market/Best sellers"]}