{"id":"2185afe9-f365-4870-be34-23b15c61f120","timestamp":1706700505111,"matcher":{"static":{},"wildcard":{},"dynamic":{}},"prerendered":["/cart","/checkout","/application","/company","/auth/vendor-register","/auth/reset-password","/auth/forgot-password","/auth/login","/auth/register","/confirm-email","/financing","/markets","/order-success","/policy","/storefront","/","/onboarding/account","/request-product","/onboarding/company","/onboarding/personal","/terms","/storefront/products/edit-product","/market/all products","/market/all","/market/products","/market/Caustic Soda","/market/Ammonia Liquor","/market/Hydrogenated Oil"]}