{"id":"2f39c4ea-3329-45b3-938c-a721f211907b","timestamp":1704197329789,"matcher":{"static":{},"wildcard":{},"dynamic":{}},"prerendered":["/checkout","/markets","/cart","/application","/auth/reset-password","/auth/register","/auth/forgot-password","/auth/login","/auth/vendor-register","/confirm-email","/","/account/notifications","/order-success","/company/user-management","/account/saved-searches","/account/settings","/policy","/company/settings","/request-product","/procurement/shipping-addresses","/onboarding/account","/storefront/overview","/storefront/orders","/procurement/my-orders","/onboarding/personal","/procurement/my-requests","/onboarding/company","/storefront/requests","/terms","/storefront/products/add-product","/storefront/products","/wallet/settings","/wallet/home","/wallet/transactions","/market/products","/market/all products","/market/all","/market/Ammonia Liquor","/market/Hydrogenated Oil","/market/Caustic Soda"]}