{"id":"31823925-98f8-47c0-a044-3d05aeca278b","timestamp":1706010205118,"matcher":{"static":{},"wildcard":{},"dynamic":{}},"prerendered":["/auth/forgot-password","/auth/reset-password","/auth/register","/cart","/auth/login","/markets","/auth/vendor-register","/application","/checkout","/confirm-email","/","/order-success","/account/notifications","/company/user-management","/account/saved-searches","/account/settings","/company/settings","/policy","/procurement/shipping-addresses","/request-product","/onboarding/account","/procurement/my-orders","/procurement/my-requests","/onboarding/personal","/storefront/orders","/onboarding/company","/terms","/storefront/requests","/storefront/products/add-product","/storefront/products","/storefront/overview","/storefront/products/edit-product","/wallet/home","/wallet/settings","/wallet/transactions","/market/all products","/market/all","/market/products","/market/Ammonia Liquor","/market/Hydrogenated Oil","/market/Caustic Soda"]}