{"id":"85a40d17-4d1d-4641-8f46-7af9b6806569","timestamp":1706861660821,"matcher":{"static":{},"wildcard":{},"dynamic":{}},"prerendered":["/cart","/application","/checkout","/auth/reset-password","/finance","/auth/forgot-password","/auth/vendor-register","/auth/login","/confirm-email","/auth/register","/","/markets","/order-success","/request-product","/storefront","/policy","/onboarding/account","/onboarding/company","/onboarding/personal","/storefront/products/edit-product","/terms","/market/all products","/market/all","/market/products","/market/Ammonia Liquor","/market/Caustic Soda","/market/Hydrogenated Oil"]}