{"id":"c8994501-fa95-4adf-823e-eb84b8a671af","timestamp":1705881928945,"matcher":{"static":{},"wildcard":{},"dynamic":{}},"prerendered":["/auth/register","/auth/reset-password","/cart","/markets","/checkout","/application","/auth/login","/auth/vendor-register","/auth/forgot-password","/","/confirm-email","/order-success","/company/user-management","/account/notifications","/account/saved-searches","/company/settings","/account/settings","/policy","/request-product","/procurement/shipping-addresses","/procurement/my-orders","/procurement/my-requests","/onboarding/account","/onboarding/personal","/onboarding/company","/storefront/orders","/storefront/overview","/storefront/products","/storefront/requests","/terms","/storefront/products/add-product","/wallet/transactions","/storefront/products/edit-product","/wallet/home","/wallet/settings","/market/all products","/market/products","/market/all","/market/Ammonia Liquor","/market/Hydrogenated Oil","/market/Caustic Soda"]}