{"id":"df0add6e-9a0c-4f93-a2fd-a2a013716cf9","timestamp":1705705844089,"matcher":{"static":{},"wildcard":{},"dynamic":{}},"prerendered":["/auth/forgot-password","/auth/vendor-register","/auth/login","/markets","/application","/cart","/auth/register","/auth/reset-password","/checkout","/confirm-email","/","/order-success","/account/notifications","/company/settings","/account/settings","/account/saved-searches","/company/user-management","/policy","/request-product","/procurement/shipping-addresses","/procurement/my-requests","/procurement/my-orders","/onboarding/account","/onboarding/company","/storefront/overview","/onboarding/personal","/storefront/products","/storefront/orders","/terms","/storefront/requests","/storefront/products/edit-product","/storefront/products/add-product","/wallet/transactions","/wallet/settings","/wallet/home","/market/all products","/market/all","/market/products","/market/Ammonia Liquor","/market/Hydrogenated Oil","/market/Caustic Soda"]}