{"id":"e4462cc8-0474-4478-bb1d-ee7195566a6d","timestamp":1703951268270,"matcher":{"static":{},"wildcard":{},"dynamic":{}},"prerendered":["/markets","/application","/cart","/checkout","/auth/reset-password","/auth/register","/auth/login","/auth/vendor-register","/auth/forgot-password","/confirm-email","/","/order-success","/account/notifications","/company/user-management","/account/settings","/account/saved-searches","/policy","/company/settings","/request-product","/procurement/shipping-addresses","/procurement/my-orders","/onboarding/account","/onboarding/personal","/procurement/my-requests","/storefront/overview","/onboarding/company","/storefront/products","/storefront/orders","/storefront/requests","/storefront/products/add-product","/terms","/wallet/settings","/wallet/transactions","/wallet/home","/market/all","/market/products","/market/all products","/market/Hydrogenated Oil","/market/Ammonia Liquor","/market/Caustic Soda"]}